Condition,Category,Catalog,Barcode,Specificity,Name,Clone,Reactivity,Barcode Sequence
"PBMC, BMMC",TotalSeqB,300477,NA,CD3,CD3_TotalB,UCHT1,Human,AACAAGACCCTTGAG
"PBMC, BMMC",TotalSeqB,300565,NA,CD4,CD4_TotalB,RPA-T4,Human,TACCCGTAATAGCGT
"PBMC, BMMC",TotalSeqB,301069,NA,CD8a,CD8a_TotalB,RPA-T8,Human,ATTGGCACTCAGATG
"PBMC, BMMC",TotalSeqB,301857,NA,CD14,CD14_TotalB,M5E2,Human,GAAAGTCAAAGCACT
"PBMC, BMMC",TotalSeqB,323051,NA,CD15,CD15_TotalB,W6D3,Human,ACGAATCAATCTGTG
"PBMC, BMMC",TotalSeqB,302063,NA,CD16,CD16_TotalB,3G8,Human,GTCTTTGTCAGTGCA
"PBMC, BMMC",TotalSeqB,302647,NA,CD25,CD25_TotalB,BC96,Human,GTGCATTCAACAGTA
"PBMC, BMMC",TotalSeqB,302263,NA,CD19,CD19_TotalB,HIB19,Human,TCAACGCTTGGCTAG
"PBMC, BMMC",TotalSeqB,304161,NA,CD45RA,CD45RA_TotalB,HI100,Human,GATGAGAACAGGTTT
"PBMC, BMMC",TotalSeqB,304257,NA,CD45RO,CD45RO_TotalB,UCHL1,Human,TGCATGTCATCGGTG
"PBMC, BMMC",TotalSeqB,392423,NA,CD56 (NCAM) Recombinant,CD56_TotalB,QA17A16,Human,GTTGTCCGACAATAC
"PBMC, BMMC",TotalSeqB,329961,NA,PD-1,PD-1_TotalB,EH12.2H7,Human,AAGTCGTGAGGCATG
"PBMC, BMMC",TotalSeqB,372727,NA,TIGIT,TIGIT_TotalB,A15153G,Human,TGAAGGCTCATTTGT
"PBMC, BMMC",TotalSeqB,351354,NA,CD127,CD127_TotalB,A019D5,Human,ACATTGACGCAACTA
"PBMC, BMMC",TotalSeqB,400291,NA,Mouse_IgG2a,MouseIgG2a_TotalB,MOPC-173,Mouse,CTCTATTCAGACCAG
"PBMC, BMMC",TotalSeqB,400185,NA,Mouse_IgG1,MouseIgG1_TotalB,MOPC-21,Mouse,ACTCACTGGAGTCTC
"PBMC, BMMC",TotalSeqB,400379,NA,Mouse_IgG2b,MouseIgG2b_TotalB,MPC-11,Mouse,ATCACATCGTTGCCA
"CD45+BMMC, MPAL",TotalSeqA,100251,0049,CD3,NA,SK7,Human,TATCCCTTGGGATGG
"CD45+BMMC, MPAL",TotalSeqA,317451,0045,CD4,NA,SK3,Human,GAGGTTAGTGATGGA
"CD45+BMMC, MPAL",TotalSeqA,343123,0066,CD7,NA,CD7-6B7,Human,TGGATTCCCGGACTT
"CD45+BMMC, MPAL",TotalSeqA,301067,0080,CD8a,NA,RPA-T8,Human,GCTGCGCTTTCCATT
"CD45+BMMC, MPAL",TotalSeqA,312231,0062,CD10,NA,HI10a,Human,CAGCCATTCATTAGG
"CD45+BMMC, MPAL",TotalSeqA,367131,0081,CD14,NA,M5E2,Human,TCTCAGACCTCCGTA
"CD45+BMMC, MPAL",TotalSeqA,302259,0050,CD19,NA,HIB19,Human,CTGGGCAATTACTCG
"CD45+BMMC, MPAL",TotalSeqA,366629,0052,CD33,NA,P67.6,Human,TAACTCAGGGCCTAT
"CD45+BMMC, MPAL",TotalSeqA,304157,0063,CD45RA,NA,HI100,Human,TCAATCCTTCCGCTT
"CD45+BMMC, MPAL",TotalSeqA,328135,0060,CD90 (Thy1),NA,5E10,Human,GCATTGTACGATTCA
"CD45+BMMC, MPAL",TotalSeqA,306037,0064,CD123,NA,6H6,Human,CTTCACTCTGTCAGG
