Category,Barcode_ID,Specificity,Clone,Lot,Cat. Num.,Custom ,Species,Barcode
TotalSeqA,25,Annexin V,NA,B270560,*94700,TRUE,NA,GCAGCGTATAAGTCA
TotalSeqA,170,BTLA,MIH26,B263576,344525,FALSE,Human,GTTATTGGACTAAGG
TotalSeqA,62,CD10,HI10a,B259971,312231,FALSE,Human,CAGCCATTCATTAGG
TotalSeqA,145,CD103,Ber-ACT8,B263617,350231,FALSE,Human,GACCTCATTGTGAAT
TotalSeqA,61,CD117 (c-kit),104D2,B260267,313241,FALSE,Human,AGACTAATAGCTGAC
TotalSeqA,161,CD11b,ICRF44,B260301,301353,FALSE,Human,GACAAGTGATCTGCA
TotalSeqA,53,CD11c,S-HCL-3,B265915,371519,FALSE,Human,TACGCCTATAACTTG
TotalSeqA,64,CD123,6H6,B265914,306037,FALSE,Human,CTTCACTCTGTCAGG
TotalSeqA,390,CD127 (IL-7Ralpha),A019D5,B261040,351352,FALSE,Human,GTGTGTTGTCCTATG
TotalSeqA,364,CD13,WM15,B267445,*95306,TRUE,Human,TTTCAACGCCCTTTC
TotalSeqA,126,CD133,Clone 7,B267019,*95005,TRUE,Human,TGGTAACGACAGTCC
TotalSeqA,158,CD134,Ber-ACT35,B267437,*95037,TRUE,Human,AACCCACCGTTGTTA
TotalSeqA,355,CD137 (4-1BB),4B4-1,B267189,*95298,TRUE,Human,CAGTAAGTTCGGGAC
TotalSeqA,55,CD138,MI15,B263375,356533,FALSE,Human,ACTCTTTCGTTTACG
TotalSeqA,81,CD14,M5E2,B259119,301855,FALSE,Human,TCTCAGACCTCCGTA
TotalSeqA,163,CD141,M80,B269327,*95042,TRUE,Human,GGATAACCGCGCTTT
TotalSeqA,151,CD152 (CTLA-4),BNI3,B260878,369619,FALSE,Human,ATGGTTCACGTAATC
TotalSeqA,83,CD16,3G8,B269443,302061,FALSE,Human,AAGTTCACTCTTTGC
TotalSeqA,149,CD161,HP-3G10,B263373,339945,FALSE,Human,GTACGCAGTCCTTCT
TotalSeqA,358,CD163,GHI/61,B267027,*95301,TRUE,Human,GCTTCTCCTTCCTTA
TotalSeqA,385,CD18,TS1/18,B267167,*96302,TRUE,Human,TATTGGGACACTTCT
TotalSeqA,140,CD183 (CXCR3),G025H7,B263548,353745,FALSE,Human,GCGATGGTAGATTAT
TotalSeqA,366,CD184 (CXCR4),12G5,B267240,*95308,TRUE,Human,TCAGGTCCTTTCAAC
TotalSeqA,144,CD185,J252D4,B267311,*95023  ,TRUE,Human,AATTCAACCGTCGCC
TotalSeqA,50,CD19,HIB19,B269444,302259,FALSE,Human,CTGGGCAATTACTCG
TotalSeqA,71,CD194 (CCR4) ,L291H4,B263615,359423,FALSE,Human,AGCTTACCTGCACGA
TotalSeqA,141,CD195,J418F1,B263547,359135,FALSE,Human,CCAAAGTAAGAGCCA
TotalSeqA,143,CD196,G034E3,B267316,*95022  ,TRUE,Human,GATCCCTTTGTCACT
TotalSeqA,148,CD197 (CCR7),G043H7,B277726,*95027,TRUE,Human,AGTTCAGTCAACCGA
TotalSeqA,160,CD1c,L161,B259973,331539,FALSE,Human,GAGCTACTTCACTCG
TotalSeqA,164,CD1d,51.1,B267321,*95043,TRUE,Human,TCGAGTCGCTTATCA
TotalSeqA,367,CD2,TS1/8,B267234,*95309,TRUE,Human,TACGATTTGTCAGGG
TotalSeqA,100,CD20,2H7,B263619,302359,FALSE,Human,TTCTGGGTCCCTAGA
TotalSeqA,181,CD21,Bu32,B263529,354915,FALSE,Human,AACCTAGTAGTTCGG
TotalSeqA,152,CD223,11C3C65,B263377,369333,FALSE,Human,CATTTGTCTGCCGGT
TotalSeqA,180,CD24,ML5,B267438,*95059,TRUE,Human,AGATTCCTTCGTGTT
TotalSeqA,189,CD244 (2B4),C1.7,B264481,329527,FALSE,Human,TCGCTTGGATGGTAG
TotalSeqA,85,CD25,BC96,B269310,302643,FALSE,Human,TTTGTCCTGTACGCC
TotalSeqA,154,CD27,O323,B263620,302847,FALSE,Human,GCACTCCTGCATGTA
TotalSeqA,8,"CD273 (B7-DC, PD-L2)",24F.10C12,B259993,329619,FALSE,Human,TCAACGCTTGGCTAG
TotalSeqA,7,"CD274 (B7-H1, PD-L1)",29E.2A3,B263612,329743,FALSE,Human,GTTGTCCGACAATAC
TotalSeqA,9,"CD275 (B7-H2, ICOSL)",2D3,B263787,309413,FALSE,Human,GTGCATTCAACAGTA
TotalSeqA,171,CD278 (ICOS) ,C398.4A,B267439,*95050,TRUE,Human,CGCGCACCCATTAAA
TotalSeqA,88,CD279 (PD-1),EH12.2H7,B269942,329955,FALSE,Human,ACAGCGCCGTATTTA
TotalSeqA,386,CD28,CD28.2,B267183,*96295,TRUE,Human,TGAGAACGACCCTAA
TotalSeqA,102,CD294,BM16,B259969,350127,FALSE,Human,TGTTTACGAGAGCCC
TotalSeqA,49,CD3,SK7,B260263,344847,FALSE,Human,TATCCCTTGGGATGG
TotalSeqA,370,CD303 (BDCA-2),201A,B267236,*95312,TRUE,Human,GAGATGTCCGAATTT
TotalSeqA,124,CD31,WM59,B267315,*95003,TRUE,Human,ACCTTTATGCCACGG
TotalSeqA,165,CD314 (NKG2D) ,1D11,B260309,328135,FALSE,Human,CGTGTTTGTTCCTCA
TotalSeqA,142,CD32,FUN-2,B263613,303223,FALSE,Human,GCTTCCGAATTACCG
TotalSeqA,52,CD33,P67.6,B259970,366629,FALSE,Human,TAACTCAGGGCCTAT
TotalSeqA,54,CD34,581,B264482,343537,FALSE,Human,GCAGAAATCTCCCTT
TotalSeqA,360,CD357 (GITR),108-17,B267222,*95303,TRUE,Human,ACCTTTCGACACTCG
TotalSeqA,169,CD366 (Tim-3),F38-2E2,B267452,*95048,TRUE,Human,TGTCCTACCCAACTT
TotalSeqA,389,CD38,HIT2,B267191,*96298,TRUE,Human,TGTACCCGCTTGTGA
TotalSeqA,176,CD39,A1,B263621,328233,FALSE,Human,TTACCTGGTATCCGT
TotalSeqA,45,CD4,SK3,B264735,344649,FALSE,Human,GAGGTTAGTGATGGA
TotalSeqA,31,CD40,5C3,B264734,334346,FALSE,Human,CTCAGATGGAGTATG
TotalSeqA,63,CD45RA,HI100,B259700,304157,FALSE,Human,TCAATCCTTCCGCTT
TotalSeqA,87,CD45RO,UCHL1,B269954,304255,FALSE,Human,CTCCGAATCATGTTG
TotalSeqA,138,CD5,UCHT2,B267261,*95017,TRUE,Human,CATTAACGGGATGCC
TotalSeqA,84,CD56,QA17A16,B259121,392421,FALSE,Human,TTCGCCGCATTGAGT
TotalSeqA,168,CD57,QA17A04,B268759,*95047,TRUE,Human,AACTCCCTATGGAGG
TotalSeqA,147,CD62L,DREG-56,B267313,*95026,TRUE,Human,GTCCCTGCAACTTGA
TotalSeqA,162,CD64,10.1,B269908,*95041,TRUE,Human,AAGTATGCCCTACGA
TotalSeqA,146,CD69,FN50,B263378,310947,FALSE,Human,GTCTCTTGGCTTAAA
TotalSeqA,66,CD7,CD7-6B7,B260269,343123,FALSE,Human,TGGATTCCCGGACTT
TotalSeqA,27,CD70,113-16,B263558,355117,FALSE,Human,CGCGAACATAAGAAG
TotalSeqA,394,CD71,CY1G4,B267179,*96297,TRUE,Human,CCGTGTTCCTCATTA
TotalSeqA,46,CD8,SK1,B260214,344751,FALSE,Human,GCGCAACTTGATGAT
TotalSeqA,5,CD80,2D10,B263376,305239,FALSE,Human,ACGAATCAATCTGTG
TotalSeqA,6,CD86,IT2.2,B260736,305443,FALSE,Human,GTCTTTGTCAGTGCA
TotalSeqA,60,CD90 (Thy1),5E10,B260032,328135,FALSE,Human,GCATTGTACGATTCA
TotalSeqA,179,CX3CR1/GPR13/CCRL1,K0124E1,B267223,*95058,TRUE,Human,AGTATCGTCTCTGGG
TotalSeqA,58,"HLA-A,B,C",W6/32,B264040,311445,FALSE,Human,TATGCGAGGCTTATC
TotalSeqA,159,HLA-DR,L243,B263622,307659,FALSE,Human,AATAGCGAGCAAGTA
TotalSeqA,186,IgA,HP6123,B269591,*95065,TRUE,Human,AAGATGTCCGAGCAA
TotalSeqA,384,IgD,IA6-2,B267465,*96348,TRUE,Human,CAGTCTCCGTAGAGT
TotalSeqA,136,IgM,MHM-88,B263579,314541,FALSE,Human,TAGCGAGCCCGTATA
TotalSeqA,153,KLRG1 (MAFA),SA231A2,B267436,*95032,TRUE,Human,CTTATTTCCTGCCCT
TotalSeqA,90,"Mouse IgG1, kappa isotype Ctrl",MOPC-21,B259127,400199,FALSE,NA,GCCGGACGACATTAA
TotalSeqA,91,"Mouse IgG2a, kappa isotype Ctrl",MOPC-173,B259421,400285,FALSE,NA,CTCCTACCTAAACTG
TotalSeqA,92,"Mouse IgG2b, kappa Isotype Ctrl",MPC-11,B259420,400373,FALSE,NA,ATATGTATCACGCGA
TotalSeqA,95,"Rat IgG2b, kappa Isotype Ctrl",RTK4530,B265912,400673,FALSE,NA,GATTCTTGACGACCT
TotalSeqA,139,TCR gamma/delta,B1,B260353,331229,FALSE,Human,CTTCCGATTCATTCA
