Name,Reactivity,Isotype,Clone,Dilution,Barcode,Identifier RRID,Cat. No. BioLegend,TotalSeq ID,Gene
CD102,Mouse,"Rat IgG2a, κ",3C4 (MIC2/4),1/500,GATATTCAGTGCGAC,AB_2734167,105613,A0104,Icam2
CD103,Mouse,Armenian Hamster IgG,2E+07,1/500,TTCATTAGCCCGCTG,AB_2750349,121437,A0201,Itgae
CD105,Mouse,"Rat IgG2a, κ",MJ7/18,1/500,TATCCCTGCCTTGCA,AB_2800587,120421,A0812,Eng
CD106,Mouse,"Rat IgG2a, κ",429 (MVCAM.A),1/500,CGTTCCTACCTACCT,AB_2783044,105725,A0226,Vcam1
CD107a,Mouse,"Rat IgG2a, κ",1D4B,1/500,AAATCTGTGCCGTAC,AB_2810369,121635,A0905,Lamp1
CD115,Mouse,"Rat IgG2a, κ",AFS98,1/500,TTCCGTTGTTGTGAG,AB_2734198,135533,A0105,Csf1r
CD117,Mouse,"Rat IgG2b, κ",2B8,1/500,TGCATGTCATCGGTG,AB_2749960,105843,A0012,Kit
CD11a,Mouse,"Rat IgG2a, κ",M17/4,1/500,AGAGTCTCCCTTTAG,AB_2783036,101125,A0595,Itgal
CD11b,"Mouse, Human","Rat IgG2b, κ",M1/70,1/500,TGAAGGCTCATTTGT,AB_2734152,101265,A0014,Itgam
CD11c,Mouse,Armenian Hamster IgG,N418,1/500,GTTATGGACGCTTGC,AB_2750352,117355,A0106,Itgax
CD122,Mouse,"Rat IgG2a, κ",5H4,1/500,GGTATGCGACACTTA,N/A ,105909,A0227,Il2rb
CD124,Mouse,"Rat IgG2b, κ",I015F8,1/500,GAACCGTAGTATAAC,AB_2814050,144809,A0916,Il4ra
CD127,Mouse,"Rat IgG2a, κ",A7R34,1/500,GTGTGAGGCACTCTT,AB_2750009,135045,A0198,Il7r
CD134,Mouse,"Rat IgG1, κ",OX-86,1/500,CTCACCTACCTATGG,AB_2750376,119426,A0195,Tnfrsf4
CD135,Mouse,"Rat IgG2a, κ",A2F10,1/500,GTAGCAAGATTCAAG,AB_2749983,135316,A0098,Flt3
CD137,Mouse,Syrian Hamster IgG,17B5,1/500,TCCCTGTATAGATGA,AB_2783048,106111,A0194,Tnfrsf9
CD137L (4-1BB),Mouse,"Rat IgG2a, κ",TKS-1,1/500,CAGTTCAGTACGCAG,AB_2813955,107109,A0890,Tnfsf9
CD138,Mouse,"Rat IgG2a, κ",281-2,1/500,GCGTTTGTATGTACT,AB_2800658,142532,A0810,Sdc1
CD14,Mouse,"Rat IgG2a, κ",Sa14-2,1/500,AACCAACAGTCACGT,AB_2800591,123333,A0424,Cd14
CD140a,Mouse,"Rat IgG2a, κ",APA5,1/500,GTCATTGCGGTCCTA,AB_2783094,135917,A0573,Pdgfra
CD15,Mouse ,"Mouse IgM, κ",MC-480,1/500,GCTAGTTTGTGCTGC,AB_2800603,125615,A0076,Fut4
CD150,Mouse,"Rat IgG2a, λ",TC15-12F12.2,1/500,CAACGCCTAGAAACC,AB_2783055,115945,A0203,Slamf1
CD152,Mouse,Armenian Hamster IgG,UC10-4B9,1/500,AGTGTTTGTCCTGGT,N/A ,106325,A0388,Ctla4
CD163,Mouse,"Rat IgG2a, κ",S15049l,1/500,GAGCAAGATTAAGAC,AB_2814058,155303,A0417,Cd163
CD169,Mouse,"Rat IgG2a, κ",3D6.112,1/500,ATTGACGACAGTCAT,AB_2783106,142425,A0440,Siglec1
CD16-CD32,Mouse,"Rat IgG2a, λ",93,1/500,TTCGATGCTGGAGCA,AB_2750532,101343,A0109,Fcgr3/Fcgr2
CD172a,Mouse,"Rat IgG1, κ",P84,1/500,GATTCCCTTGTAGCA,AB_2800670,144033,A0422,Sirpa
CD183,Mouse,Armenian Hamster IgG,CX3CR3-173,1/500,GTTCACGCCGTGTTA,N/A ,126543,A0228,Cxcr3
CD185,Mouse,"Rat IgG2b, κ",L138D7,1/500,ACGTAGTCACCTAGT,AB_2800681,145535,A0846,Cxcr5
CD19,Mouse,"Rat IgG2a, κ",6D5,1/500,ATCAGCCATGTCAGT,AB_2749981,115559,A0093,Cd19
CD192,Mouse,"Rat IgG2b, κ",S1203G11,1/500,AGTGCGATCTGCAAC,AB_2783122,150625,A0426,Ccr2
CD193,Mouse,"Rat IgG2a, κ",J073E5,1/500,TAGAACCGTATCCGT,AB_2800673,144523,A0808,Ccr3
CD195,Mouse,Armenian Hamster IgG,HM-CCR5,1/500,ACCAGTTGTCATTAC,AB_2783049,107019,A0376,Ccr5
CD196,Mouse,Armenian Hamster IgG,29-2L17,1/500,CTCTCTGCATTCCTC,AB_2783083,129825,A0225,Ccr6
CD197,Mouse,"Rat IgG2a, κ",4B12,1/500,TTATTAACAGCCCAC,N/A ,120129,A0377,Ccr7
CD1d,Mouse,"Rat IgG2b, κ",1B1,1/500,CAACTTGGCCGAATC,AB_2800593,123529,A0851,Cd1d1
CD2,Mouse,"Rat IgG2b, λ",RM2-5,1/500,TTGCCGTGTGTTTAA,AB_2810312,100117,A0892,Cd2
CD20,Mouse,"Rat IgG2b, κ",SA275A11,1/500,TCCACTCCCTGTATA,AB_2734214,150423,A0192,Ms4a1
CD200,Mouse,"Rat IgG2a, κ",OX-90,1/500,TCAATTCCGGTAGTC,AB_2734191,123811,A0079,Cd200
CD200R,Mouse,"Rat IgG2a, κ",OX-110,1/500,ATTCTTTCCCTCTGT,AB_2800594,123913,A0807,Cd200r1
CD200R3,Mouse,"Rat IgG2a, κ",Ba13,1/500,ATCAACTTGGAGCAG,AB_2800657,142209,A0809,Cd200r3
CD201,Mouse,"Rat IgG2a, κ",RCR-16,1/500,TATGATCTGCCCTTG,AB_2800655,141509,A0439,Procr
CD204,Mouse,Rat IgG2a,1F8C33,1/500,AGCTAGACACGTTGT,AB_2783126,154703,A0448,Msr1
CD206,Mouse,"Rat IgG2a, κ",C068C2,1/500,TCAACTCGGTGTTGC,N/A ,N/A,A0173,Mrc1
CD207,"Mouse, Human","Mouse IgG2a, κ",4C7,1/500,CGATTTGTATTCCCT,N/A ,N/A,A0437,Cd207
CD21-CD35,Mouse,"Rat IgG2a, κ",7E+09,1/500,GGATAATTTCGATCC,AB_2750540,123427,A0107,Cr2/Cr1
CD22,Mouse,"Rat IgG1, κ",OX-97,1/500,AGGTCCTCTCTGGAT,AB_2800614,126113,A0827,Cd22
CD223,Mouse,"Rat IgG1, κ",C9B7W,1/500,ATTCCGTCCCTAAGG,AB_2783078,125229,A0378,Lag3
CD226,Mouse,"Rat IgG2b, κ",1E+06,1/500,ACGCAGTATTTCCGA,AB_2810393,128823,A0852,Cd226
CD23,Mouse,"Rat IgG2a, κ",B3V4,1/500,TCTCTTGGAAGATGA,AB_2750358,101635,A0108,Fcer2a
CD24,Mouse,"Rat IgG2b, κ",M1/69,1/500,TATATCTTTGCCGCA,AB_2750380,101841,A0212,Cd24a
CD25,Mouse,"Rat IgG1, λ",PC61,1/500,ACCATGAGACACAGT,AB_2749982,102055,A0097,Il2ra
CD26,Mouse,"Rat IgG2a, κ",H194-112,1/500,ATGGCCTGTCATAAT,AB_2810405,137811,A0883,Dpp4
CD27,Mouse,Armenian Hamster IgG,LG.3A10,1/500,CAAGGTATGTCACTG,AB_2750344,124235,A0191,Cd27
CD270,Mouse,Armenian Hamster IgG,HMHV-1B18,1/500,GATCCGTGTTGCCTA,AB_2810403,136307,A0885,Tnfrsf14
CD272,Mouse,Armenian Hamster IgG,6A6,1/500,TGACCCTATTGAGAA,AB_2814041,139113,A0881,Btla
CD274,Mouse,"Rat IgG2a, κ",MIH6,1/500,TCGATTCCACCAACT,AB_2783125,153604,A0190,Cd274
CD278,"Human, African Green, Baboon, Cynomolgus, Mouse, Rat, Rhesus, Swine (Pic, Porcine)",Armenian Hamster IgG,C398.4A,1/500,CGCGCACCCATTAAA,AB_2800824,313555,A0171,Icos
CD279,Mouse,"Rat IgG2b, κ",RMP1-30,1/500,GAAAGTCAAAGCACT,AB_2734169,109123,A0004,Pdcd1
CD28,Mouse,Syrian Hamster IgG,37.51,1/500,ATTAAGAGCGTGTTG,N/A ,102129,A0204,Cd28
CD29,"Mouse, Rat",Armenian Hamster IgG,HMβ1-1,1/500,ACGCATTCCTTGTGT,AB_2783042,102233,A0570,Itgb1
CD3,Mouse,"Rat IgG2b, κ",17A2,1/500,GTATGTCCGCTCGAT,AB_2750533,100251,A0182,Cd3e
CD300c-d,Mouse,"Rat IgG2b, κ",TX52,1/500,GTGATCTAAGATGCG,AB_2810413,148005,A0876,Cd300c
CD300LG,Mouse,"Rat IgG2a, κ",ZAQ5,1/500,CGGTCCGTATCATTT,AB_2783116,147105,A0416,Cd300lg
CD301a,Mouse,"Rat IgG2a, κ",LOM-8.7,1/500,TGTATTTACTCACCG,AB_2783114,145611,A0551,Clec10a
CD301b,Mouse,"Rat IgG2a, λ",URA-1,1/500,CTTGCCTTGCGATTT,AB_2783115,146817,A0566,Mgl2
CD304,Mouse,"Rat IgG2a, κ",3E+12,1/500,CCAGCTCATTCAACG,AB_2750383,145215,A0552,Nrp1
CD309,Mouse,"Rat IgG2a, κ",89B3A5,1/500,AGTTGTCCTGTACGA,AB_2783066,121921,A0554,Kdr
CD31,Mouse,"Rat IgG2a, κ",390,1/500,GCTGTAGTATCATGT,AB_2810335,102437,A0904,Pecam1
CD314,Mouse,"Rat IgG1, κ",CX5,1/500,GAGGCTTATCATTTC,AB_2814023,130215,A0835,Klrk1
CD317,Mouse,"Rat IgG2b, κ",927,1/500,TGTGGTAGCCCTTGT,AB_2800623,127027,A0811,Bst2
CD326,Mouse,"Rat IgG2a, κ",G8.8,1/500,ACCCGCGTTAGTATG,AB_2800586,118237,A0449,Epcam
CD335,Mouse,"Rat IgG2a, κ",29A1.4,1/500,CCCTTTCACCTCGAA,AB_2734199,137633,A0184,Ncr1
CD34,Mouse,Armenian Hamster IgG,HM34,1/500,GATTCCTTTACGAGC,AB_2810392,128619,A0857,Cd34
CD357,Mouse,"Rat IgG2b, λ",DTA-1,1/500,GGCACTCTGTAACAT,AB_2734195,126319,A0193,Tnfrsf18
CD36,Mouse,Armenian Hamster IgG,HM36,1/500,TTTGCCGCTACGACA,AB_2800557,102621,A0555,Cd36
CD366,Mouse,"Rat IgG2a, κ",RMT3-23,1/500,ATTGGCACTCAGATG,AB_2734178,119729,A0003,Havcr2
CD370,Mouse,"Rat IgG1, κ",7H11,1/500,AACTCAGTTGTGCCG,N/A ,N/A,A0556,Clec9a
CD371,Mouse,"Rat IgG2a, κ",5D3/CLEC12A,1/500,GCGAGAAATCTGCAT,AB_2800668,143407,A0825,Clec12a
CD38,Mouse,"Rat IgG2a, κ",90,1/500,CGTATCCGTCTCCTA,AB_2750556,102733,A0557,Cd38
CD39,Mouse,"Rat IgG2a, κ",Duha59,1/500,GCGTATTTAACCCGT,AB_2800669,143813,A0834,Entpd1
CD3e,Mouse,Armenian Hamster IgG,145-2C11,1/500,TAATGCCAGTTGTGC,AB_2734149,100369,A0094,Cd3e
CD4,Mouse,"Rat IgG2a, κ",RM4-5,1/500,AACAAGACCCTTGAG,AB_2749956,100569,A0001,Cd4
CD41,Mouse,"Rat IgG1, κ",MWReg30,1/500,ACTTGGATGGACACT,AB_2800635,133937,A0443,Itga2b
CD43,Mouse,Rat IgG2b,S11,1/500,TTGGAGGGTTGTGCT,AB_2750541,143211,A0110,Spn
CD45R-B220,"Mouse, Human, Cat (Feline)","Rat IgG2a, κ",RA3-6B2,1/500,CCTACACCTCATAAT,AB_2734158,103263,A0103,Ptprc
CD48,Mouse,Armenian Hamster IgG,HM48-1,1/500,AGAACCGCCGTAGTT,AB_2800558,103447,A0429,Cd48
CD49a,Mouse,Armenian Hamster IgG,HMα1,1/500,CCATTCATTTGTGGC,AB_2800659,142613,A0850,Itga1
CD49b,Mouse,Armenian Hamster IgG,HMα2,1/500,CGCGTTAGTAGAGTC,AB_2819796,103523,A0421,Itga2
CD49d,Mouse,"Rat IgG2b, κ",R1-2,1/500,CGCTTGGACGCTTAA,AB_2734159,103623,A0078,Itga4
CD49f,"Human, African Green, Mouse, Baboon, Capuchin Monkey, Cat (Feline), Cattle (Bovine, Cow), Chimpanzee, Cynomolgus, Dog (Canine), Horse (Equine), Rabbit (Lapine), Rhesus, Sheep (Ovine), Swine (Pig, Porcine)","Rat IgG2a, κ",GoH3,1/500,TTCCGAGGATGATCT,AB_2734291,313633,A0070,Itga6
CD5,Mouse,"Rat IgG2a, κ",53-7.3,1/500,CAGCTCAGTGTGTTG,AB_2749985,100637,A0111,Cd5
CD54,Mouse,"Rat IgG2b, κ",YN1/1.7.4,1/500,ATAACCGACACAGTG,AB_2734177,116127,A0074,Icam1
CD55,Mouse,Armenian Hamster IgG,RIKO-3,1/500,ATTGTTGTCAGACCA,AB_2783086,131809,A0558,Cd55
CD62E,"Mouse, Rat","Mouse IgG1, κ",RME-1/CD62E,1/500,CTCCCTTTGTAACAT,N/A ,N/A,A0379,Sele
CD62L,Mouse,"Rat IgG2a, κ",MEL-14,1/500,TGGGCCTAAGTCATC,AB_2750364,104451,A0112,Sell
CD62P,"Mouse, Rat","Mouse IgG2a, κ",RMP-1,1/500,TGTGTGCCGTAGACT,N/A ,N/A,A0229,Selp
CD63,Mouse,"Rat IgG2a, κ",NVG-2,1/500,ATCCGACACGTATTA,AB_2783109,143915,A0559,Cd63
CD64,Mouse,"Rat IgG1, κ",X54-5/7.1,1/500,AGCAATTAACGGGAG,AB_2750367,139325,A0202,Fcgr1
CD68,Mouse,Rat IgG2a,FA-11,1/500,CTTTCTTTCACGGGA,AB_2783099,137031,A0560,Cd68
CD69,Mouse,Armenian Hamster IgG,H1.2F3,1/500,TTGTATTCCGCCATT,AB_2750539,104546,A0197,Cd69
CD71,Mouse,"Rat IgG2a, κ",RI7217,1/500,ACCGACCAGTAGACA,AB_2800574,113824,A0441,Tfrc
CD73,Mouse,"Rat IgG1, κ",TY/11.8,1/500,ACACTTAACGTCTGG,AB_2749980,127227,A0077,Nt5e
CD79b,Mouse,Armenian Hamster IgG,HM79-12,1/500,TAACTCAGTGCGAGT,AB_2783087,132811,A0561,Cd79b
CD80,"Mouse, Dog (Canine)",Armenian Hamster IgG,16-10A1,1/500,GACCCGGTGTCATTT,AB_2813935,104745,A0849,Cd80
CD83,Mouse,"Rat IgG1, κ",Michel-19,1/500,TCTCAGGCTTCCTAG,AB_2783061,121519,A0562,Cd83
CD86,Mouse,"Rat IgG2a, κ",GL-1,1/500,CTGGATTTGTGTATC,AB_2750348,105047,A0200,Cd86
CD8a,Mouse,"Rat IgG2a, κ",53-6.7,1/500,TACCCGTAATAGCGT,AB_2734151,100773,A0002,Cd8a
CD8b,Mouse,"Rat IgG2b, κ",YTS156.7.7,1/500,TTCCCTCTATGGAGC,AB_2800615,126623,A0230,Cd8b1
CD9,Mouse,"Rat IgG2a, κ",MZ3,1/500,TAGCAGTCACTCCTA,AB_2800600,124819,A0813,Cd9
CD90-2,Mouse,"Rat IgG2b, κ",30-H12,1/500,CCGATCAGCCGTTTA,AB_2734166,105345,A0075,Thy1
CD93,Mouse,"Rat IgG2b, κ",AA4.1,1/500,GGTATTTCCTGTGGT,AB_2750375,136513,A0113,Cd93
CD95,Mouse,"Mouse IgG1, κ",SA367H8,1/500,CACATCGTTTGTGTA,AB_2810418,152614,A0917,Fas
CLEC4F,Mouse,,,1/500,ACGTATATCACGTTG,N/A ,N/A,A0411,Clec4f
CX3CR1,Mouse,"Mouse IgG2a, κ",SA011F11,1/500,CACTCTCAGTCCTAT,AB_2783121,149041,A0563,Cx3cr1
CXCR4,Mouse,"Rat IgG2b, κ",L276F12,1/500,GTCGTGGTGTTGTTC,AB_2800682,146520,A0444,Cxcr4
DLL1,Mouse,Armenian Hamster IgG,HMD1-3,1/500,AGACCTCCTTACGAT,AB_2810390,128315,A0884,Dll1
DopamineReceptorD4,"Mouse, Human",,,1/500,TCTCTGCACCGCTTT,N/A ,N/A,A0434,Drd4
DR3,Mouse,Armenian Hamster IgG,4C12,1/500,GCTTGGGCAATTAAG,AB_2814048,144413,A0836,Tnfrsf25
ENPP1,Mouse,"Rat IgG2b, κ",YE1/19.1,1/500,CATTAACCGCCCTTA,AB_2814052,149209,A0891,Enpp1
ERK1,"Mouse, Human","Rat IgG2a, κ",W15133A,1/500,CGCCACTTCATTCAT,N/A ,N/A,A0222,Mapk3
ESAM,Mouse,"Rat IgG2a, κ",1G8/ESAM,1/500,TATAGTTTCCGCCGT,AB_2800642,136209,A0596,Esam
F4-80,Mouse,"Rat IgG2a, κ",BM8,1/500,TTAACTTCAGCCCGT,AB_2749986,123153,A0114,Adgre1
FceRIa,Mouse,Armenian Hamster IgG,MAR-1,1/500,AGTCACCTCGAAGCT,AB_2749987,134333,A0115,Fcer1a
Folate receptor beta,Mouse,"Rat IgG2a, κ",10/FR2,1/500,CTCAGATGCCCTTTA,AB_2800690,153307,A0564,Folr2
GABRB3,"Mouse, Human",,,1/500,ATAAGAGCCCACCAT,N/A ,N/A,A0435,Gabrb3
IA-IE,Mouse,"Rat IgG2b, κ",M5/114.15.2,1/500,GGTCACCAGTATGAT,AB_2750505,107653,A0117,H2-Ab1
IgD,Mouse,"Rat IgG2a, κ",11-26c.2a,1/500,TCATATCCGTTGTCC,AB_2783321,405745,A0571,Ighd
IgG1-Mouse-k,Isotype control,"Mouse IgG1, κ",MOPC-21,1/500,GCCGGACGACATTAA,N/A ,400199,A0090,/
IgG1-Rat-k,Isotype control,"Rat IgG1, κ",RTK2071,1/500,ATCAGATGCCCTCAT,N/A ,400459,A0236,/
IgG1-Rat-l,Isotype control,"Rat IgG1, λ",G0114F7,1/500,GGGAGCGATTCAACT,N/A ,401919,A0237,/
IgG2a-Mouse-k,Isotype control,"Mouse IgG2a, κ",MOPC-173,1/500,CTCCTACCTAAACTG,N/A ,400285,A0091,/
IgG2a-Rat-k,Isotype control,"Rat IgG2a, κ",RTK2758,1/500,AAGTCAGGTTCGTTT,N/A ,400571,A0238,/
IgG2b-Mouse-k,Isotype control,"Mouse IgG2b, κ",MPC-11,1/500,ATATGTATCACGCGA,N/A ,400373,A0092,/
IgG2b-Rat-k,Isotype control,"Rat IgG2b, κ",RTK4530,1/500,GATTCTTGACGACCT,N/A ,400673,A0095,/
IgG2c-Rat-k,Isotype control,"Rat IgG2c, κ",RTK4174,1/500,TCCAGGCTAGTCATT,N/A ,400739,A0240,/
IgG-Hamster,Isotype control,Armenian Hamster IgG,HTK888,1/500,CCTGTCATTAAGACT,N/A ,400973,A0241,/
IgM,Mouse,"Rat IgG2a, κ",RMM-1,1/500,AGCTACGCATTCAAT,AB_2783322,406535,A0450,Ighm
IL33Ra,Mouse,"Rat IgG2a, κ",DIH9,1/500,GCGATGGAGCATGTT,AB_2800680,145317,A0837,Il1rl1
Integrin-b7,"Human, African Green, Baboon, Chimpanzee, Cynomolgus, Mouse, Rhesus","Rat IgG2a, κ",FIB504,1/500,TCCTTGGATGTACCG,AB_2750504,321227,A0214,Itgb7
IRF4,"Mouse, Human",,,1/500,GGATTTGTATCTCCC,N/A ,N/A,A0249,Irf4
JAML,Mouse,Armenian Hamster IgG,4E+10,1/500,GTTATGGTTCGTGTT,AB_2810391,128507,A0877,Jaml
KCC2,"Mouse, Rat",,,1/500,GAGCTTGTACCGCTT,N/A ,N/A,A0438,Slc12a5
KLRG1,"Mouse, Human",Syrian Hamster IgG,2F1/KLRG1,1/500,GTAGTAGGCTAGACC,AB_2800648,138431,A0250,Klrg1
Ly49D,Mouse,"Rat IgG2a, κ",4E+05,1/500,TATATCCCTCAACGC,AB_2800647,138309,A0841,Klra4
Ly49H,Mouse,"Rat IgG1, κ",3D10,1/500,CCAGTAGGCTTATTA,AB_2814049,144715,A0839,Klra8
Ly6A-Ly6E,Mouse,"Rat IgG2a, κ",D7,1/500,TTCCTTTCCTACGCA,AB_2750535,108147,A0130,Ly6a
Ly6C,Mouse,"Rat IgG2c, κ",HK1.4,1/500,AAGTCGTGAGGCATG,AB_2749961,128047,A0013,Ly6c2
Ly6D,Mouse,"Rat IgG2c, κ",49-4H,1/500,ATGTCCTACCTCAAA,N/A ,N/A,A5106,Ly6d
Ly6G,Mouse,"Rat IgG2a, κ",1A8,1/500,ACATTGACGCAACTA,AB_2749962,127655,A0015,Ly6g
Mac2,"Mouse, Human","Rat IgG2a, κ",M3/38,1/500,GATGCAATTAGCCGG,AB_2810384,125421,A0895,Lgals3
MAdCAM1,Mouse,"Rat IgG2a, κ",MECA-367,1/500,TTGGGCGATTAAGAA,AB_2783058,120713,A0232,Madcam1
MERTK,Mouse,"Rat IgG2a, κ",2B10C42,1/500,AGTAGAGCAACTCGT,N/A ,151511,A0565,Mertk
NK1-1,Mouse,"Mouse IgG2a, κ",PK136,1/500,GTAACATTACTCGTC,AB_2750536,108755,A0118,Klrb1c
Notch1,Mouse,Armenian Hamster IgG,HMN1-12,1/500,TCCGGTCACTCAGTA,AB_2783085,130617,A0442,Notch1
P2RY12,Mouse,"Rat IgG2b, κ",S16007D,1/500,TTGCTTATTTCCGCA,AB_2783419,848009,A0415,P2ry12
P2X7R,Mouse,"Rat IgG2b, κ",1F11,1/500,TGCTTCATTCATGTG,AB_2800683,148711,A0824,P2rx7
Panendothelial,Mouse,"Rat IgG2a, κ",MECA-32,1/500,CGTCCTAGTCATTGG,AB_2783057,120507,A0381,Plvap
PIRA-PIRB,Mouse,"Rat IgG1, κ",6C1,1/500,TGTAGAGTCAGACCT,AB_2810412,144105,A0882,Pirb/Pira1
RORg,"Mouse, Human","Mouse IgG2a, κ",2F7-2,1/500,TTCCCTACGCCGAAT,N/A ,N/A,A0223,Rorc
SiglecH,Mouse,"Rat IgG1, κ",551,1/500,CCGCACCTACATTAG,AB_2750537,129615,A0119,Siglech
"TCR Vb8.1, 8.2",Mouse,"Rat IgG2a, κ",KJ16-133.18,1/500,ACTATCCGTTGTGCT,AB_2783056,118415,A0235,Tcrb
TCRb,Mouse,Armenian Hamster IgG,H57-597,1/500,TCCTATGGGACTCAG,AB_2750538,109247,A0120,Tcrb
TCRb-V5,Mouse,"Mouse IgG1, κ",MR9-4,1/500,CTCAACAGTATTCTG,AB_2810408,139517,A0354,Tcrb
TCRgd,Mouse,Armenian Hamster IgG,GL3,1/500,AACCCAAATAGCTGA,AB_2749988,118137,A0121,Tcrd/Tcrg
TCRg-V1.1,Mouse,Armenian hamster IgG,2.11,1/500,TCGTTTAACCAGCCT,AB_2800654,141113,A0209,Tcrg
TCRg-V2,Mouse,Armenian Hamster IgG,UC3-10A6,1/500,AAGCTGCACCGTAAT,AB_2783100,137709,A0211,Tcrg
TCRg-V3,Mouse,Syrian Hamster IgG,536,1/500,TCGTGGTCCCTTTCT,AB_2810404,137507,A0210,Tcrg
TER119,Mouse,"Rat IgG2b, κ",TER-119,1/500,GCGCGTTTGTGCTAT,AB_2749989,116247,A0122,Ly76
TIGIT,Mouse,"Mouse IgG1, κ",1G9,1/500,GAAAGTCGCCAACAG,AB_2800656,142115,A0848,Tigit
Tim4,Mouse,"Rat IgG2a, κ",RMT4-54,1/500,TGCTGGAGGGTATTC,AB_2783084,130011,A0567,Timd4
TLR4,Mouse,"Rat IgG2a, κ",MTS510,1/500,GCAGTTGTCCGATTC,AB_2810352,117614,A0875,Tlr4
VSIG4,Mouse,,,1/500,TATGCTGTGGCTATG,N/A ,N/A,A0414,Vsig4
XCR1,"Mouse, Rat","Mouse IgG2b, κ",ZET,1/500,TCCATTACCCACGTT,AB_2783120,148227,A0568,Xcr1
B7H4,Human,"Mouse IgG1, κ",MIH43,1/1000,TGTATGTCTGCCTTG,AB_2734386,358114,A0395,VTCN1
C5L2,Human,"Mouse IgG2a, κ",1D9-M12,1/1000,ACAATTTGTCTGCGA,AB_2783226,342407,A0572,C5AR2
Cadherin11,Human,"Mouse IgG1, κ",16G5,1/1000,CGTTGCCATTAACCA,AB_2749991,368715,A0131,CDH11
CD10,Human,"Mouse IgG1, κ",HI10a,1/1000,CAGCCATTCATTAGG,AB_2734286,312231,A0062,MME
CD102,Human,"Mouse IgG2a, κ",CBR-IC2/2,1/1000,TGACCTTCCTCTCCT,AB_2750381,328509,A0244,ICAM2
CD103,Human,"Mouse IgG1, κ",Ber-ACT8,1/1000,GACCTCATTGTGAAT,AB_2749996,350231,A0145,ITGAE
CD105,Human,"Mouse IgG1, κ",43A3,1/1000,ATCGTCGAGAGCTAG,AB_2750350,323221,A0068,ENG
CD106,Human,"Mouse IgG1, κ",STA,1/1000,TCACAGTTCCTTGGA,AB_2800788,305813,A0245,VCAM1
CD107a,Human,"Mouse IgG1, κ",H4A3,1/1000,CAGCCCACTGCAATA,AB_2750351,328647,A0155,LAMP1
CD109,Human,"Mouse IgG1, κ",W7C5,1/1000,CACTTAACTCTGGGT,AB_2800848,323307,A0817,CD109
CD110,Human,"Mouse IgG2a, κ",S16017E,1/1000,TGTTGTAAGATGCCA,N/A,393715,A0598,MPL
CD112,Human,"Mouse IgG1, κ",TX31,1/1000,AACCTTCCGTCTAAG,AB_2749964,337417,A0024,NECTIN2
CD115,Human,"Rat IgG1, κ",9-4D2-1E4,1/1000,AATCACGGTCCTTGT,AB_2783237,347325,A0398,CSF1R
CD117,Human,"Mouse IgG1, κ",104D2,1/1000,AGACTAATAGCTGAC,AB_2734287,313241,A0061,KIT
CD119,Human,"Mouse IgG1, κ",GIR-208,1/1000,TGTGTATTCCCTTGT,AB_2750385,308607,A0219,IFNGR1
CD11a,Human,"Mouse IgG1, κ",TS2/4,1/1000,TATATCCTTGTGAGC,AB_2734365,350615,A0185,ITGAL
CD11a_CD18 (LFA-1),Human,"Mouse IgG1, κ",m24,1/1000,GCGATTCATGTCACG,AB_2801005,363425,A0818,ITGAL/ITGB2
CD11b,"Human, Mouse","Rat IgG2b, κ",M1/70,1/1000,TGAAGGCTCATTTGT,AB_2734152,101265,A0014,ITGAM
CD11b,Human,"Mouse IgG1, κ",ICRF44,1/1000,GACAAGTGATCTGCA,AB_2734249,301353,A0161,ITGAM
CD11c,Human,"Mouse IgG2b, κ",S-HCL-3,1/1000,TACGCCTATAACTTG,AB_2749971,371519,A0053,ITGAX
CD122,Human,"Mouse IgG1, κ",TU27,1/1000,TCATTTCCTCCGATT,N/A,N/A,A0246,IL2RB
CD123,Human,"Mouse IgG1, κ",6H6,1/1000,CTTCACTCTGTCAGG,AB_2749977,306037,A0064,IL3RA
CD126,Human,"Mouse IgG1, κ",UV4,1/1000,TGATGGGAGCTTATC,AB_2800939,352813,A0819,IL6R
CD127,Human,"Mouse IgG1, κ",A019D5,1/1000,GTGTGTTGTCCTATG,AB_2734366,351352,A0390,IL7R
CD13,Human,"Mouse IgG1, κ",WM15,1/1000,TTTCAACGCCCTTTC,AB_2783151,301729,A0364,ANPEP
CD133,Human,"Mouse IgG1, κ",clone 7,1/1000,TGGTAACGACAGTCC,AB_2750353,372815,A0126,PROM1
CD133,Human,"Mouse IgG2a, κ",S16016B,1/1000,GTAAGACGCCTATGC,AB_2783304,394005,A0594,PROM1
CD134,Human,"Mouse IgG1, κ",Ber-ACT35 (ACT35),1/1000,AACCCACCGTTGTTA,AB_2783245,350033,A0158,TNFRSF4
CD135,Human,"Mouse IgG1, κ",BV10A4H2,1/1000,CAGTAGATGGAGCAT,AB_2783188,313317,A0351,FLT3
CD137,Human,"Mouse IgG1, κ",4B4-1,1/1000,CAGTAAGTTCGGGAC,AB_2783173,309835,A0355,TNFRSF9
CD137L,Human,"Mouse IgG1, κ",5F4,1/1000,ATTCGCCTTACGCAA,AB_2734284,311509,A0022,TNFSF9
CD138,Human,"Mouse IgG1, κ",MI15,1/1000,ACTCTTTCGTTTACG,AB_2749973,356533,A0055,SDC1
CD138,Human,"Mouse IgG1, κ",DL-101,1/1000,GTATAGACCAAAGCC,AB_2800938,352325,A0831,SDC1
CD14,Human,"Mouse IgG1, κ",63D3,1/1000,CAATCAGACCTATGA,AB_2734412,367131,A0051,CD14
CD14,Human,"Mouse IgG2a, κ",M5E2,1/1000,TCTCAGACCTCCGTA,AB_2734254,301855,A0081,CD14
CD140a,Human,"Mouse IgG1, κ",16A1,1/1000,ATGCGCCGAGAATTA,AB_2750354,323509,A0128,PDGFRA
CD140b,Human,"Mouse IgG1, κ",18A2,1/1000,CAATGGTTCACTGCC,AB_2783192,323609,A0129,PDGFRB
CD141,Human,"Mouse IgG1, κ",M80,1/1000,GGATAACCGCGCTTT,AB_2783229,344121,A0163,THBD
CD142,Human,"Mouse IgG1, κ",NY2,1/1000,CACTGCCGTCGATTA,AB_2801007,365207,A0822,F3
CD144,Human,"Mouse IgG2a, κ",BV9,1/1000,TCCACTCATTCTGTA,AB_2783239,348517,A0400,CDH5
CD146,Human,"Mouse IgG1, κ",P1H12,1/1000,CCTTGGATAACATCA,AB_2750355,361017,A0134,MCAM
CD15,"Human, Mouse","Mouse IgM, κ",MC-480,1/1000,GCTAGTTTGTGCTGC,AB_2800603,125615,A0076,FUT4
CD15,Human,"Mouse IgG1, κ",W6D3,1/1000,TCACCAGTACCTAGT,AB_2734304,323046,A0392,FUT4
CD150,Human,"Mouse IgG1, κ",A12 (7D4),1/1000,GTCATTGTATGTCTG,AB_2814146,306313,A0870,SLAMF1
CD151,Human,"Mouse IgG1, κ",50-6,1/1000,CTTACCTAGTCATTC,AB_2810554,350409,A0861,CD151
CD152,Human,"Mouse IgG2a, κ",BNI3,1/1000,ATGGTTCACGTAATC,AB_2734423,369619,A0151,CTLA4
CD154,Human,"Mouse IgG1, κ",24-31,1/1000,GCTAGATAGATGCAA,AB_2734283,310843,A0032,CD40LG
CD155,Human,"Mouse IgG1, κ",SKII.4,1/1000,ATCACATCGTTGCCA,AB_2749963,337623,A0023,PVR
CD158,Human,"Mouse IgG2b, κ",HP-MA4,1/1000,TATCAACCAACGCTT,AB_2800901,339515,A0420,KIR2DL1
CD158b,Human,"Mouse IgG2a, κ",DX27,1/1000,GACCCGTAGTTTGAT,AB_2800818,312615,A0592,KIR2DL3
CD158e1,Human,"Mouse IgG1, κ",DX9,1/1000,GGACGCTTTCCTTGA,AB_2800819,312723,A0599,KIR3DL1
CD158f,Human,"Mouse IgG1, κ",UP-R1,1/1000,AAAGTGATGCCACTG,AB_2800904,341307,A0600,KIR2DL5A
CD16,Human,"Mouse IgG1, κ",3G8,1/1000,AAGTTCACTCTTTGC,AB_2734255,302061,A0083,FCGR3A
CD161,Human,"Mouse IgG1, κ",HP-3G10,1/1000,GTACGCAGTCCTTCT,AB_2749998,339945,A0149,KLRB1
CD162,Human,"Mouse IgG1, κ",KPL-1,1/1000,ATATGTCAGAGCACC,AB_2814192,328821,A0871,SELPLG
CD163,Human,"Mouse IgG1, κ",GHI/61,1/1000,GCTTCTCCTTCCTTA,AB_2750343,333635,A0358,CD163
CD164,Human,"Mouse IgG1, κ",67D2,1/1000,GAGGCACTTAACATA,AB_2800850,324809,A0821,CD164
CD169,Human,"Mouse IgG1, κ",7-239,1/1000,TACTCAGCGTGTTTG,AB_2750011,346011,A0206,SIGLEC1
CD171,Human,"Mouse IgG2a, κ",L1-OV198.5,1/1000,GATGGACGACAATTC,AB_2801019,371609,A0430,L1CAM
CD172a,Human,"Mouse IgG2a, κ",15-414,1/1000,CGTGTTTAACTTGAG,AB_2783285,372109,A0408,SIRPA
CD177,Human,"Mouse IgG1, κ",MEM-166,1/1000,AGTATGGAGCCATAT,AB_2750554,315811,A0382,CD177
CD178,Human,"Mouse IgG1, κ",-NOK 1.00,1/1000,CCGGTCCTCTGTATT,AB_2750500,306413,A0177,FASLG
CD18,Human,"Mouse IgG1, κ",TS1/18,1/1000,TATTGGGACACTTCT,AB_2750382,302121,A0385,ITGB2
CD183,Human,"Mouse IgG1, κ",G025H7,1/1000,GCGATGGTAGATTAT,AB_2749993,353745,A0140,CXCR3
CD184,Human,"Mouse IgG2a, κ",12G5,1/1000,TCAGGTCCTTTCAAC,AB_2800790,306531,A0366,CXCR4
CD185,Human,"Mouse IgG1, κ",J252D4,1/1000,AATTCAACCGTCGCC,AB_2750356,356937,A0144,CXCR5
CD186,Human,"Mouse IgG2a, κ",K041E5,1/1000,GACAGTCGATGCAAC,AB_2800961,356021,A0804,CXCR6
CD19,Human,"Mouse IgG1, κ",HIB19,1/1000,CTGGGCAATTACTCG,AB_2734256,302259,A0050,CD19
CD192,Human,"Mouse IgG2a, κ",K036C2,1/1000,GAGTTCCCTTACCTG,AB_2750501,357229,A0242,CCR2
CD193,Human,"Mouse IgG2b, κ",500000000,1/1000,ACCAATCCTTTCGTC,AB_2783174,310729,A0397,CCR3
CD194,Human,"Mouse IgG1, κ",L291H4,1/1000,AGCTTACCTGCACGA,AB_2749979,359423,A0071,CCR4
CD195,Human,"Rat IgG2b, κ",J418F1,1/1000,CCAAAGTAAGAGCCA,AB_2749994,359135,A0141,CCR5
CD196,Human,"Mouse IgG2b, κ",G034E3,1/1000,GATCCCTTTGTCACT,AB_2750534,353437,A0143,CCR6
CD197,Human,"Mouse IgG2a, κ",G043H7,1/1000,AGTTCAGTCAACCGA,AB_2750357,353247,A0148,CCR7
CD198,Human,"Mouse IgG2a, κ",L263G8,1/1000,AGCCCGGATGTATTT,AB_2810572,360607,A0900,CCR8
CD199,Human,"Mouse IgG2a, κ",L053E8,1/1000,ATTCCTCATTCCTGA,AB_2810569,358919,A0843,CCR9
CD1a,Human,"Mouse IgG1, κ",HI149,1/1000,GATCGTGTTGTGTTA,AB_2783146,300133,A0402,CD1A
CD1c,Human,"Mouse IgG1, κ",L161,1/1000,GAGCTACTTCACTCG,AB_2734326,331539,A0160,CD1C
CD1d,Human,"Mouse IgG2b, κ",51.1,1/1000,TCGAGTCGCTTATCA,AB_2750370,350317,A0164,CD1D
CD2,Human,"Mouse IgG1, κ",TS1/8,1/1000,TACGATTTGTCAGGG,AB_2783172,309229,A0367,CD2
CD20,Human,"Mouse IgG2b, κ",2H7,1/1000,TTCTGGGTCCCTAGA,AB_2749984,302359,A0100,MS4A1
CD201,Human,"Rat IgG1, κ",RCR-401,1/1000,GTTTCCTTGACCAAG,AB_2749978,351907,A0069,PROCR
CD202b,Human,"Mouse IgG1, κ",33.1 (Ab33),1/1000,CGATCCCTTACCTAT,AB_2810511,334213,A0588,TEK
CD203c,Human,"Mouse IgG1, κ",NP4D6,1/1000,TAACCGTACCTGCAT,AB_2800849,324627,A0593,ENPP3
CD204,Human,"Mouse IgG2a, κ",7C9C20,1/1000,TAGCGAGCCAGATGT,AB_2810584,371909,A0399,MSR1
CD205,Human,"Mouse IgG1, κ",HD30,1/1000,CTATCGTTTGATGCA,AB_2800908,342211,A0814,LY75
CD206,Human,"Mouse IgG1, κ",15-2,1/1000,TCAGAACGTCTAACT,AB_2750010,321143,A0205,MRC1
CD207,Human,"Mouse IgG1, κ",1E+03,1/1000,CATTCTTCACGGGAT,AB_2783248,352207,A0403,CD207
CD207,"Human, Mouse","Mouse IgG2a, κ",4C7,1/1000,CGATTTGTATTCCCT,N/A,N/A,A0437,CD207
CD209,Human,"Mouse IgG2a, κ",9E9A8,1/1000,TCACTGGACACTTAA,AB_2783206,330119,A0597,CD209
CD21,Human,"Mouse IgG1, κ",Bu32,1/1000,AACCTAGTAGTTCGG,AB_2750006,354915,A0181,CR2
CD218a,Human,"Mouse IgG1, κ",H44,1/1000,TTGTTGTATCCGATC,AB_2810476,313815,A0862,IL18R1
CD22,Human,"Mouse IgG2b, κ",S-HCL-1,1/1000,GGGTTGTTGTCTTTG,AB_2734404,363514,A0393,CD22
CD223,Human,"Mouse IgG1, κ",11C3C65,1/1000,CATTTGTCTGCCGGT,AB_2749999,369333,A0152,LAG3
CD226,Human,"Mouse IgG1, κ",11A8,1/1000,TCTCAGTGTTTGTGG,AB_2783220,338335,A0368,CD226
CD226,Human,"Mouse IgG1, κ",TX25,1/1000,AGACCAACTCATTCA,AB_2800896,337111,A0805,CD226
CD23,Human,"Mouse IgG1, κ",EBVCS-5,1/1000,TCTGTATAACCGTCT,AB_2814235,338523,A0897,FCER2
CD230,Human,"Mouse IgG2a, κ",3F4,1/1000,CAGGTCCCTTATTTC,AB_2801138,800319,A0432,PRNP
CD235a,Human,"Mouse IgG2a, κ",HI264,1/1000,AGAGTATGTATGGGA,AB_2783242,349117,A0574,GYPA
CD235ab,Human,"Mouse IgG2b, κ",HIR2,1/1000,GCTCCTTTACACGTA,AB_2750008,306623,A0196,GYPA/GYPB
CD24,Human,"Mouse IgG2a, κ",ML5,1/1000,AGATTCCTTCGTGTT,AB_2750374,311137,A0180,CD24
CD243,Human,Mouse IgG2a,4E3.16,1/1000,TGACCCGACCTTTAG,AB_2810817,919407,A0418,ABCB1
CD244,Human,"Mouse IgG1, κ",C1.7,1/1000,TCGCTTGGATGGTAG,AB_2750007,329527,A0189,CD244
CD25,Human,"Mouse IgG1, κ",BC96,1/1000,TTTGTCCTGTACGCC,AB_2734258,302643,A0085,IL2RA
CD253,Human,"Mouse IgG1, κ",RIK-2,1/1000,GCCATTCCTGCCTAA,AB_2800803,308211,A0803,TNFSF10
CD254,Human,"Mouse IgG2b, κ",MIH24,1/1000,TCCGTGTTAGTTTGT,AB_2750377,347509,A0356,TNFSF11
CD257,Human,"Mouse IgG1, κ",1D6,1/1000,CAGAGCACCCATTAA,AB_2810575,366509,A0863,TNFSF13B
CD26,Human,"Mouse IgG2a, κ",BA5b,1/1000,GGTGGCTAGATAATG,AB_2734261,302720,A0396,DPP4
CD267,Human,"Rat IgG2a, κ",1A1,1/1000,AGTGATGGAGCGAAC,AB_2783181,311913,A0247,TNFRSF13B
CD268,Human,"Mouse IgG1, κ",11C1,1/1000,CGAAGTCGATCCGTA,AB_2750502,316925,A0215,TNFRSF13C
CD269,Human,"Mouse IgG2a, κ",19F2,1/1000,CAGATGATCCACCAT,AB_2749974,357521,A0056,TNFRSF17
CD27,Human,"Mouse IgG1, κ",O323,1/1000,GCACTCCTGCATGTA,AB_2750000,302847,A0154,CD27
CD27,"Human, Mouse, Rat",Armenian Hamster IgG,LG.3A10,1/1000,CAAGGTATGTCACTG,AB_2750344,124235,A0191,CD27
CD270,Human,"Mouse IgG1, κ",122,1/1000,TGATAGAAACAGACC,AB_2734293,318813,A0020,TNFRSF14
CD271,Human,"Mouse IgG1, κ",ME20.4,1/1000,AACCGCGCTTCAGAT,AB_2814273,345123,A0816,NGFR
CD272,Human,"Mouse IgG2a, κ",MIH26,1/1000,GTTATTGGACTAAGG,AB_2750002,344525,A0170,BTLA
CD273,Human,"Mouse IgG2a, κ",24F.10C12,1/1000,TCAACGCTTGGCTAG,AB_2734321,329619,A0008,PDCD1LG2
CD275,Human,"Mouse IgG2b, κ",2D3,1/1000,GTGCATTCAACAGTA,AB_2734278,309413,A0009,ICOSLG
CD275,Human,Mouse IgG1,9F.8A4,1/1000,GTTAGTGTTAGCTTG,AB_2750359,329809,A0172,ICOSLG
CD276,Human,"Mouse IgG1, κ",DCN.70,1/1000,GACTGGGAGGGTATT,AB_2734327,331607,A0010,CD276
CD277,Human,"Mouse IgG1, κ",BT3.1,1/1000,TACTTCTGGAGCCAG,N/A,N/A,A0030,BTN3A1
CD278,"Human, Mouse, Rat",Armenian Hamster IgG,C398.4A,1/1000,CGCGCACCCATTAAA,AB_2800824,313555,A0171,ICOS
CD279,Human,"Mouse IgG1, κ",EH12.2H7,1/1000,ACAGCGCCGTATTTA,AB_2734322,329955,A0088,PDCD1
CD28,Human,"Mouse IgG1, κ",CD28.2,1/1000,TGAGAACGACCCTAA,AB_2783159,302955,A0386,CD28
CD284,Human,"Mouse IgG2a, κ",HTA125,1/1000,GCTTAGCTGTATCCG,AB_2783183,312817,A0405,TLR4
CD29,Human,"Mouse IgG1, κ",TS2/16,1/1000,GTATTCCCTCAGTCA,AB_2783160,303027,A0369,ITGB1
CD294,Human,"Rat IgG2a, κ",BM16,1/1000,TGTTTACGAGAGCCC,AB_2734360,350127,A0102,PTGDR2
CD3,Human,"Mouse IgG1, κ",UCHT1,1/1000,CTCATTGTAACTCCT,AB_2734246,300475,A0034,CD3E
CD3,Human,"Mouse IgG1, κ",SK7,1/1000,TATCCCTTGGGATGG,AB_2734353,344847,A0049,CD3E
CD30,Human,"Mouse IgG1, κ",BY88,1/1000,TCAGGGTGTGCTGTA,AB_2749966,333913,A0028,TNFRSF8
CD301,Human,"Mouse IgG2a, κ",H037G3,1/1000,ACCTAGAAATCAGCA,AB_2810566,354707,A0401,CLEC10A
CD303,Human,"Mouse IgG2a, κ",201A,1/1000,GAGATGTCCGAATTT,AB_2800952,354239,A0370,CLEC4C
CD304,Human,"Mouse IgG2a, κ",12C2,1/1000,GGACTAAGTTTCGTT,AB_2783261,354525,A0406,NRP1
CD305,Human,Mouse IgG1,NKTA255,1/1000,ATTTCCATTCCCTGT,AB_2800911,342805,A0590,LAIR1
CD307c_FcRL3,Human,"Mouse IgG2b, κ",H5/FcRL3,1/1000,GCCTAGTTTGAACGC,AB_2801022,374411,A0826,FCRL3
CD307d,Human,"Mouse IgG2b, κ",413D12,1/1000,CGATTTGATCTGCCT,AB_2800902,340209,A0828,FCRL4
CD307e,Human,"Mouse IgG2a, κ",509f6,1/1000,TCACGCAGTCCTCAA,AB_2800903,340307,A0829,FCRL5
CD309,Human,"Mouse IgG1, κ",7D4-6,1/1000,TTCACGCAGTAAGAT,AB_2810571,359919,A0362,KDR
CD31,Human,"Mouse IgG1, κ",WM59,1/1000,ACCTTTATGCCACGG,AB_2750360,303137,A0124,PECAM1
CD314,Human,"Mouse IgG1, κ",1D11,1/1000,CGTGTTTGTTCCTCA,AB_2734298,320835,A0165,KLRK1
CD319,Human,"Mouse IgG2b, κ",162.1,1/1000,AGTATGCCATGTCTT,AB_2800872,331821,A0830,SLAMF7
CD32,Human,"Mouse IgG2b, κ",FUN-2,1/1000,GCTTCCGAATTACCG,AB_2749995,303223,A0142,FCGR2A
CD324,Human,"Mouse IgG1, κ",67A4,1/1000,ATCCTTCTCCCTTTC,AB_2750361,324125,A0135,CDH1
CD325,Human,"Mouse IgG1, κ",8C11,1/1000,CCTTCCCTTTCCTCT,AB_2810555,350817,A0433,CDH2
CD326,Human,"Mouse IgG2b, κ",9C4,1/1000,TTCCGAGCAAGTATC,AB_2750362,324241,A0123,EPCAM
CD33,Human,"Mouse IgG1, κ",P67.6,1/1000,TAACTCAGGGCCTAT,AB_2734409,366629,A0052,CD33
CD335,Human,"Mouse IgG1, κ",900,1/1000,ACAATTTGAACAGCG,AB_2800875,331943,A0101,NCR1
CD337,Human,"Mouse IgG1, κ",P30-15,1/1000,AAAGTCACTCTGCCG,AB_2800852,325221,A0801,NCR3
CD338,Human,"Mouse IgG2b, κ",5D3,1/1000,TAAGACTTGGCCGTC,AB_2783216,332021,A0569,ABCG2
CD34,Human,"Mouse IgG1, κ",581,1/1000,GCAGAAATCTCCCTT,AB_2749972,343537,A0054,CD34
CD340,Human,"Mouse IgG1, κ",24D2,1/1000,CTGTAGCCGCCTATT,AB_2810483,324423,A0133,ERBB2
CD35,Human,"Mouse IgG1, κ",E11,1/1000,ACTTCCGTCGATCTT,AB_2783217,333407,A0167,CR1
CD354,Human,,,1/1000,TAGCCGTTTCCTTTG,N/A,N/A,A0586,TREM1
CD357,Human,"Mouse IgG2a, κ",108-17,1/1000,ACCTTTCGACACTCG,AB_2801016,371225,A0360,TNFRSF18
CD36,Human,"Mouse IgG2a, κ",5-271,1/1000,TTCTTTGCCTTGCCA,AB_2800892,336225,A0407,CD36
CD365,Human,"Mouse IgG1, κ",1D12,1/1000,CTTCTGGGATTCTGG,AB_2814294,353907,A0869,HAVCR1
CD366,Human,"Mouse IgG1, κ",F38-2E2,1/1000,TGTCCTACCCAACTT,AB_2800924,345047,A0169,HAVCR2
CD370,Human,"Mouse IgG2a, κ",8F9,1/1000,CTGCATTTCAGTAAG,AB_2814293,353807,A0207,CLEC9A
CD371,Human,"Mouse IgG2a, κ",50C1,1/1000,CATTAGAGTCTGCCA,AB_2800948,353613,A0853,CLEC12A
CD38,Human,"Mouse IgG1, κ",HIT2,1/1000,TGTACCCGCTTGTGA,AB_2783161,303541,A0389,CD38
CD38,Human,"Mouse IgG1, κ",HB-7,1/1000,CCTATTCCGATTCCG,AB_2800967,356635,A0410,CD38
CD39,Human,"Mouse IgG1, κ",A1,1/1000,TTACCTGGTATCCGT,AB_2750005,328233,A0176,ENTPD1
CD4,Human,"Mouse IgG1, κ",SK3,1/1000,GAGGTTAGTGATGGA,AB_2749969,344649,A0045,CD4
CD4,Human,"Mouse IgG1, κ",RPA-T4,1/1000,TGTTCCCGCTCAACT,AB_2734247,300563,A0072,CD4
CD4,Human,"Mouse IgG2b, κ",OKT4,1/1000,GCGATCCCTTGAGAT,AB_2814173,317451,A0922,CD4
CD40,Human,"Mouse IgG1, κ",5C3,1/1000,CTCAGATGGAGTATG,AB_2749968,334346,A0031,CD40
CD41,Human,"Mouse IgG1, κ",HIP8,1/1000,ACGTTGTGGCCTTGT,AB_2783162,303737,A0353,ITGA2B
CD42b,Human,"Mouse IgG1, κ",HIP1,1/1000,TCCTAGTACCGAAGT,AB_2783163,303937,A0216,GP1BB
CD43,Human,"Mouse IgG1, κ",CD43-10G7,1/1000,GATTAACCAGCTCAT,AB_2800915,343209,A0357,SPN
CD44,Human,"Mouse IgG1, κ",BJ18,1/1000,AATCCTTCCGAATGT,AB_2750345,338825,A0125,CD44
CD45,Human,"Mouse IgG1, κ",2D1,1/1000,TCCCTTGCGATTTAC,AB_2734418,368543,A0048,PTPRC
CD45,Human,"Mouse IgG1, κ",HI30,1/1000,TGCAATTACCCGGAT,AB_2734266,304064,A0391,PTPRC
CD45R_B220,"Human, Mouse","Rat IgG2a, κ",RA3-6B2,1/1000,CCTACACCTCATAAT,AB_2734158,103263,A0103,PTPRC
CD45RA,Human,"Mouse IgG2b, κ",HI100,1/1000,TCAATCCTTCCGCTT,AB_2734267,304157,A0063,PTPRC
CD45RB,Human,"Mouse IgG2b, κ",MEM-55,1/1000,AGATGGGACTCACCA,AB_2810471,310209,A0844,PTPRC
CD45RO,Human,"Mouse IgG2a, κ",UCHL1,1/1000,CTCCGAATCATGTTG,AB_2734268,304255,A0087,PTPRC
CD46,Human,Mouse IgG1,TRA-2-10,1/1000,ACAGTACGACCTTCT,AB_2810557,352415,A0858,CD46
CD48,Human,"Mouse IgG1, κ",BJ40,1/1000,CTACGACGTAGAAGA,AB_2734342,336709,A0029,CD48
CD49a,Human,"Mouse IgG1, κ",TS2/7,1/1000,ACTGATGGACTCAGA,AB_2783195,328315,A0575,ITGA1
CD49b,Human,"Mouse IgG1, κ",P1E6-C5,1/1000,GCTTTCTTCAGTATG,AB_2750363,359311,A0371,ITGA2
CD49d,Human,"Mouse IgG1, κ",9F10,1/1000,CCATTCAACTTCCGG,AB_2814137,304345,A0576,ITGA4
CD49f,"Human, Mouse","Rat IgG2a, κ",GoH3,1/1000,TTCCGAGGATGATCT,AB_2734291,313633,A0070,ITGA6
CD5,Human,"Mouse IgG1, κ",UCHT2,1/1000,CATTAACGGGATGCC,AB_2750346,300635,A0138,CD5
CD52,Human,"Mouse IgG2b, κ",HI186,1/1000,CTTTGTACGAGCAAA,AB_2734292,316017,A0033,CD52
CD54,Human,"Mouse IgG1, κ",HA58,1/1000,CTGATAGACTTGAGT,AB_2750384,353123,A0217,ICAM1
CD55,Human,"Mouse IgG1, κ",JS11,1/1000,GCTCATTACCCATTA,AB_2750378,311317,A0383,CD55
CD56,Human,"Mouse IgG1, κ",5.1H11,1/1000,TCCTTTCCTGATAGG,AB_2749970,362557,A0047,NCAM1
CD56,Human,"Mouse IgG1, κ",QA17A16,1/1000,TTCGCCGCATTGAGT,AB_2734445,392421,A0084,NCAM1
CD57,Human,"Mouse IgG1, κ",QA17A04,1/1000,AACTCCCTATGGAGG,AB_2810588,393319,A0168,B3GAT1
CD58,Human,"Mouse IgG1, κ",TS2/9,1/1000,GTTCCTATGGACGAC,AB_2750003,330919,A0174,CD58
CD59,Human,"Mouse IgG2a, κ",p282 (H19),1/1000,AATTAGCCGTCGAGA,AB_2750371,304709,A0361,CD59
CD62E,Human,"Mouse IgG1, κ",HAE-1f,1/1000,CTCCCTGTGGCTTAA,AB_2783218,336017,A0248,SELE
CD62L,Human,"Mouse IgG1, κ",DREG-56,1/1000,GTCCCTGCAACTTGA,AB_2750365,304847,A0147,SELL
CD62P,Human,"Mouse IgG1, κ",AK4,1/1000,CCTTCCGTATCCCTT,AB_2750386,304933,A0218,SELP
CD63,Human,"Mouse IgG1, κ",H5C6,1/1000,GAGATGTCTGCAACT,AB_2783249,353035,A0404,CD63
CD64,Human,"Mouse IgG1, κ",10.1,1/1000,AAGTATGCCCTACGA,AB_2750366,305037,A0162,FCGR1A
CD66a_c_e,Human,"Mouse IgG2b, κ",ASL-32,1/1000,GGGACAGTTCGTTTC,AB_2783223,342319,A0188,CEACAM1/CEACAM6/CEACAM5
CD66b,Human,"Mouse IgG1, κ",6/40c,1/1000,AGCTGTAAGTTTCGG,AB_2750372,392905,A0166,CEACAM8
CD69,Human,"Mouse IgG1, κ",FN50,1/1000,GTCTCTTGGCTTAAA,AB_2749997,310947,A0146,CD69
CD7,Human,"Mouse IgG2a, κ",CD7-6B7,1/1000,TGGATTCCCGGACTT,AB_2734345,343123,A0066,CD7
CD70,Human,Mouse IgG1,113-16,1/1000,CGCGAACATAAGAAG,AB_2749965,355117,A0027,CD70
CD71,Human,"Mouse IgG2a, κ",CY1G4,1/1000,CCGTGTTCCTCATTA,AB_2800884,334123,A0394,TFRC
CD72,Human,"Mouse IgG2b, κ",3F3,1/1000,CAGTCGTGGTAGATA,AB_2783189,316205,A0419,CD72
CD73,Human,"Mouse IgG1, κ",AD2,1/1000,CAGTTCCTCAGTTCG,AB_2783228,344029,A0577,NT5E
CD79a,Human,,,1/1000,CTTATCACCCGCTTT,N/A,N/A,A0578,CD79A
CD79b,Human,"Mouse IgG1, κ",CB3-1,1/1000,ATTCTTCAACCGAAG,AB_2750347,341415,A0187,CD79B
CD8,Human,"Mouse IgG1, κ",SK1,1/1000,GCGCAACTTGATGAT,AB_2734351,344751,A0046,CD8A
CD80,Human,"Mouse IgG1, κ",2D10,1/1000,ACGAATCAATCTGTG,AB_2749958,305239,A0005,CD80
CD81,Human,"Mouse IgG1, κ",5A6,1/1000,GTATCCTTCCTTGGC,AB_2800930,349521,A0373,CD81
CD83,Human,"Mouse IgG1, κ",HB15e,1/1000,CCACTCATTTCCGGT,AB_2810457,305341,A0359,CD83
CD85g,Human,"Mouse IgG1, κ",17G10.2,1/1000,TGTCAGTTCCTATGA,AB_2750555,326411,A0409,LILRA4
CD85j,Human,"Mouse IgG2b, κ",GHI/75,1/1000,CCTTGTGAGGCTATG,AB_2814225,333723,A0896,LILRB1
CD86,Human,"Mouse IgG2b, κ",IT2.2,1/1000,GTCTTTGTCAGTGCA,AB_2734273,305443,A0006,CD86
CD8a,Human,"Mouse IgG1, κ",RPA-T8,1/1000,GCTGCGCTTTCCATT,AB_2734248,301067,A0080,CD8A
CD9,Human,"Mouse IgG1, κ",HI9a,1/1000,GAGTCACCAATCTGC,AB_2783182,312119,A0579,CD9
CD90,Human,"Mouse IgG1, κ",5E+10,1/1000,GCATTGTACGATTCA,AB_2734312,328135,A0060,THY1
CD93,Human,"Mouse IgG1, κ",VIMD2,1/1000,GCGCTACTTCCTTGA,AB_2750379,336121,A0446,CD93
CD94,Human,"Mouse IgG1, κ",DX22,1/1000,CTTTCCGGTCCTACA,AB_2814142,305521,A0867,KLRD1
CD95,Human,"Mouse IgG1, κ",DX2,1/1000,CCAGCTCATTAGAGC,AB_2750368,305649,A0156,FAS
CD96,Human,"Mouse IgG1, κ",NK92.39,1/1000,TGGCCTATAAATGGT,AB_2750004,338419,A0175,CD96
CD98,Human,"Mouse IgG1, κ",MEM-108,1/1000,GCACCAACAGCCATT,AB_2750369,315605,A0374,SLC3A2
CD99,Human,"Mouse IgG2a, κ",3B2/TA8,1/1000,ACCCGTCCCTAAGAA,AB_2801017,371317,A0845,CD99
CLEC1B,Human,"Mouse IgG1, κ",AYP1,1/1000,TGCCAGTATCACGTA,AB_2814333,372009,A0866,CLEC1B
DopamineD4receptor,"Human, Mouse",,,1/1000,TCTCTGCACCGCTTT,N/A,N/A,A0434,DRD4
EGFR,Human,"Mouse IgG1, κ",AY13,1/1000,GCTTAACATTGGCAC,AB_2734373,352923,A0132,EGFR
ERK1,"Human, Mouse","Rat IgG2a, κ",W15133A,1/1000,CGCCACTTCATTCAT,N/A,N/A,A0222,MAPK3
FceRIa,Human,"Mouse IgG2b, κ",AER-37 (CRA-1),1/1000,CTCGTTTCCGTATCG,AB_2750503,334641,A0352,FCER1A
FolateReceptorBeta,Human,"Mouse IgG1, κ",94b/FOLR2,1/1000,TGTGGCTAGTCAGTT,AB_2783289,391707,A0427,FOLR2
GABRB3,"Human, Mouse",,,1/1000,GGTGTGAGCAGTTCT,N/A,N/A,A0435,GABRB3
GARP,Human,"Mouse IgG2b, κ",7B11,1/1000,AGGTATGGTAGAGTA,AB_2814283,352515,A0901,LRRC32
HLA_A2,Human,"Mouse IgG2b, κ",BB7.2,1/1000,GAACATTTCCGACAA,AB_2810540,343331,A0899,HLA-A
HLA_ABC,Human,"Mouse IgG2a, κ",W6/32,1/1000,TATGCGAGGCTTATC,AB_2749976,311445,A0058,HLA-A/HLA-B/HLA-C
HLA_DR,Human,"Mouse IgG2a, κ",L243,1/1000,AATAGCGAGCAAGTA,AB_2750001,307659,A0159,HLA-DRA
Ig_light_chain_k,Human,"Mouse IgG1, κ",MHK-49,1/1000,AGCTCAGCCAGTATG,AB_2810479,316531,A0894,IGKC
Ig_light_chain_l,Human,"Mouse IgG2a, κ",MHL-38,1/1000,CAGCCAGTAAGTCAC,AB_2814170,316627,A0898,IGL
IgD,Human,"Mouse IgG2a, κ",IA6-2,1/1000,CAGTCTCCGTAGAGT,AB_2783238,348243,A0384,IGHD
IgE,Human,"Mouse IgG1, κ",MHE-18,1/1000,GGATGTACCGCGTAT,AB_2814186,325517,A0868,IGHE
IgG,Human,"Rat IgG2a, κ",M1310G05,1/1000,CTGGAGCGATTAGAA,AB_2783329,410725,A0375,IGHG1
IgG_Hamster,Isotype control,Armenian Hamster IgG,HTK888,1/1000,CCTGTCATTAAGACT,N/A,400973,A0241,/
IgG1_Rat_k,Isotype control,"Rat IgG1, κ",RTK2071,1/1000,ATCAGATGCCCTCAT,N/A,400459,A0236,/
IgG2a_Mouse_k,Isotype control,"Mouse IgG2a, κ",MOPC-173,1/1000,CTCCTACCTAAACTG,N/A,400285,A0091,/
IgG2a_Rat_k,Isotype control,"Rat IgG2a, κ",RTK2758,1/1000,AAGTCAGGTTCGTTT,N/A,400571,A0238,/
IgG2b_Mouse_k,Isotype control,"Mouse IgG2b, κ",MPC-11,1/1000,ATATGTATCACGCGA,N/A,400373,A0092,/
IgG2b_Rat_k,Isotype control,"Rat IgG2b, κ",RTK4530,1/1000,GATTCTTGACGACCT,N/A,400673,A0095,/
IgM,Human,"Mouse IgG1, κ",MHM-88,1/1000,TAGCGAGCCCGTATA,AB_2749992,314541,A0136,IGHM
IntegrinBeta7,"Human, Mouse","Rat IgG2a, κ",FIB504,1/1000,TCCTTGGATGTACCG,AB_2750504,321227,A0214,ITGB7
IRF4,"Human, Mouse","Rat IgG1, κ",IRF4.3E4,1/1000,GGATTTGTATCTCCC,N/A,N/A,A0249,IRF4
KLRG1,Human,"Mouse IgG2a, κ",SA231A2,1/1000,CTTATTTCCTGCCCT,AB_2750373,367721,A0153,KLRG1
KLRG1,"Human, Mouse",Syrian Hamster IgG,2F1/KLRG1,1/1000,GTAGTAGGCTAGACC,AB_2800648,138431,A0250,KLRG1
LOX1,Human,"Mouse IgG2a, κ",15C4,1/1000,ACCCTTTACCGAATA,AB_2800987,358611,A0591,OLR1
Mac2,"Human, Mouse","Rat IgG2a, κ",M3/38,1/1000,GATGCAATTAGCCGG,AB_2810384,125421,A0895,LGALS3
Mast Cell Tryptase,Human,"Mouse IgG1, κ",AA1,1/1000,ACTGATAGACCCGCT,N/A,N/A,A0580,TPSAB1/TPSB2/TPSD1/TPSG1
MERTK,Human,"Mouse IgG1, κ",590H11G1E3,1/1000,TCCTGCATGTACCCA,AB_2801011,367617,A0423,MERTK
NKp80,Human,"Mouse IgG1, κ",5D12,1/1000,TATAGTTCCTCTGTG,AB_2814274,346709,A0923,KLRF1
Notch1,Human,"Mouse IgG1, κ",MHN1-519,1/1000,AATCTGTAGTGCGTT,AB_2783247,352109,A0213,NOTCH1
Notch3,Human,"Mouse IgG1, κ",MHN3-21,1/1000,CTATTGGACGTATCT,AB_2783232,345411,A0233,NOTCH3
Podoplanin,Human,"Rat IgG2a, λ",NC-08,1/1000,GGTTACTCGTTGTGT,AB_2749990,337019,A0127,PDPN
TCRa24,Human,"Mouse IgG1, κ",6B11,1/1000,AACTTCTGTGGTAGC,AB_2783227,342923,A0584,TRAV24
TCRa7,Human,"Mouse IgG1, κ",3C10,1/1000,TACGAGCAGTATTCA,AB_2783246,351733,A0581,TRA
TCRab,Human,"Mouse IgG1, κ",IP26,1/1000,CGTAACGTAGAGCGA,AB_2783167,306737,A0224,TRAC
TCRd2,Human,"Mouse IgG1, κ",B6,1/1000,TCAGTCAGATGGTAT,AB_2800863,331433,A0582,TRDV2
TCRg9,Human,"Mouse IgG1, κ",B3,1/1000,AAGTGATGGTATCTG,AB_2783207,331311,A0583,TRGV9
TCRgd,Human,"Mouse IgG1, κ",B1,1/1000,CTTCCGATTCATTCA,AB_2734325,331229,A0139,TRG/TRD
TIGIT,Human,"Mouse IgG2a, κ",A15153G,1/1000,TTGCTTACCGCCAGA,AB_2734426,372725,A0089,TIGIT
Tim4,Human,"Mouse IgG1, κ",9F4,1/1000,CGTCATATAGTATGG,AB_2783258,354009,A0428,TIMD4
TMEM119,Human,"Mouse IgG2b, κ",A16075D,1/1000,TCGAACATTTCCAGG,AB_2801201,853303,A0445,TMEM119
TSLPR,Human,"Mouse IgG2a, λ",1D3,1/1000,CAGTCCTCTCTGTCA,AB_2800845,322907,A0387,CRLF2
XCR1,Human,"Rat IgG2a, κ",S15046E,1/1000,AAGACGCATGTCAAC,AB_2783286,372613,A0208,XCR1