Antigen,Clone,Vendor,Reactivity,Barcode_Sequence,Notes,,
CD3e,UCHT1,BioLegend,Human,ATCACG,,,
CD19,HIB19,BioLegend,Human,CGATGT,,,
CD4,RPA-T4,BioLegend,Human,TGACCA,,,
CD8a,RPA-T8,BioLegend,Human,GCCAAT,,,
CD56,MEM-188,BioLegend,Human,CTTGTA,,,
CD16,B73.1,BioLegend,Human,TTAGGC,,,
CD11c,B-ly6,BD Pharmingen,Human,TAGCTT,,,
CCR7,150603,R&D Systems,Human,GATCAG,,,
CCR5,J418F1,BioLegend,Human,ACTTGA,,,
CD34,581,BioLegend,Human,GGCTAC,,,
CD14,M5E2,BioLegend,Human,AGTCAA,,,
CD10,HI10a,BioLegend,Human,AGTTCC,,,
CD45RA,HI100,BioLegend,Human,ACAGTG,,,
CD29,MA1-19105,Thermo Fisher,Human,GCCAAT,For Human/Mouse experiment only,,
CD29,MA5-16707,Thermo Fisher,Mouse,CTTGTA,For Human/Mouse experiment only,,
CD2,RPA-2.10,BioLegend,Human,GAGTGG,Quantification validation only,,
CD57,H-NK1,BioLegend,Human,CGTACG,Quantification validation only,,
